timestamp	Commit Hash	Code Coverage	Lines of Code	Code Complexity
2022-06-01 21:52:04	e814aafad32f81948e6d49f39a50e5a2ae117884	46,72274	253558	17058
2022-06-01 18:46:06	edcdc8d4f764369d47bf5fd29e69b1a58c5a0f90	46,71742	253539	17056
2022-05-27 20:15:30	7b29ce2911e5d77410c313f71d315dc8bc82cf5b	46,71914	253520	17055
2022-05-26 17:26:28	fcb477f16bce98bdc4445edfbad89337315a014c	46,70973	253404	17051
2022-05-25 18:35:12	60a139750ae4a02dda3388d020c9dc30bd60ebef	46,70612	253381	17050
2022-05-23 17:57:47	9c0fc8f9989152d63c450712d6abd08bf7253538	46,71146	253370	17047
2022-05-18 22:59:57	deb4f4860bf1b6a9db6db5fb608a036fdab40bce	46,71818	253367	17047
2022-05-18 22:34:54	b726a606cea3deb567b1fdeeba9acbcc220e6d30	46,7222	253381	17048
2022-05-17 21:16:17	d7104e3cc7b48dd04df56e8aa90adb332dac8083	46,69702	253220	17044
2022-05-13 16:32:54	af33445a2480d691a9700511fdd55567e54aa2e4	46,70959	253173	17040
2022-05-12 22:13:06	288b9e271ac561745c3b7e49c381c75ea9f7c84b	46,71107	253158	17039
2022-05-11 20:48:40	283752c0461416277f739add8327440b60fbd540	46,68896	253389	17063
2022-05-11 18:36:12	5ad9fe1593d196d825741cedbaeb7b4d5d015226	46,68864	253334	17061
2022-05-11 18:00:10	e8409b6dad12533b2bd690be7aa33d2930eea020	46,69282	253329	17060
2022-05-10 0:12:41	dd6d910a7e7a90d15258c6c77ebe626ae6d573f9	46,6879	253329	17060
2022-05-05 17:27:42	ffcab02df0fca192d25cbd8be14201d9c97f2c91	46,68634	253340	17061
2022-05-05 0:30:19	3a497969a8888fe730151fb5bfbcab281b15eeb2	46,68217	253260	17053
2022-04-28 22:24:10	48b25a2fde983608250c21d5dfabf50b81a7a0d0	46,67913	253254	17053
2022-04-28 19:46:35	3e877951c284ccd68be3634522f9fc2c3d39f81a	46,68381	253302	17051
2022-04-28 0:49:55	3658ec40c3dc564de474aad408fbf7caa7d4b592	46,6964	253060	17026
2022-04-27 21:42:16	065027891e137dc18af8d1ac8b6a9680682774ea	46,70396	253038	17022
2022-04-26 18:00:36	8966a11a4cd26f85da295c20906f1f4a0a7236b9	46,69534	253038	17022
2022-04-21 19:21:02	167d2104cba64cebe44340021d71e383c14e8fa3	46,7033	253036	17022
2022-04-19 22:02:11	6c2f8d43f514723f036be2b63b55fcb8394aa4d6	46,69254	252990	17022
2022-04-18 23:37:30	172d8793d34ffc454139f2161b228e3fd90ce71d	46,70117	252982	17022
2022-04-13 22:17:00	ffcd2d9dcf5d46c79db5bdafe894f4ce72d31aff	46,6891	252873	17018
2022-04-11 21:42:12	74c4290e0b0cb46be7b5820d85486978c2939b0d	46,68959	252867	17018
2022-04-07 21:17:42	81981ed5f64a8b53929864cd93dd5da4a2d7f681	46,6319	252466	17008
2022-03-29 22:39:03	b26bd92f06ce3a373d5ec8fae440456654108ad1	46,6356	252466	17008
2022-03-29 21:16:32	3f2246575e63538bccf24c83756bd45dabf82116	46,63248	252465	17008
2022-03-28 18:44:49	d3a21c079b45223b531f2e214c6e49297002714c	46,62531	252396	17007
2022-03-28 17:39:44	ef76820c3fc12d941cbebac13f70e033bc20a269	46,61322	252307	17001
2022-03-17 21:45:24	8c9c8a84ed23c0215c4d80125ac532e97085d76f	46,62703	252295	16996
2022-03-16 20:36:26	58ffd25e57d8d9f7a9a36c261c9a7249befd267d	46,61625	252199	16996
2022-03-15 23:24:38	652b6a24e6ce072e3e9e618c3e12b92770d8408e	46,62489	252199	16997
2022-03-07 19:49:29	8ffe72bcb9911710ba0fb9a345c605692f270493	46,62366	252199	16997
2022-03-03 2:06:33	e36de71f13a29ceee11a03d939e24bce79df4b74	46,62719	252192	16997
2022-03-02 5:37:22	b24ba4f6feda09aff1953f36e99f75b00b62e61a	46,6396	252166	16993
2022-02-24 22:35:51	316ab18a4b157c9da1a3e8588e7b2b9c3dafe421	46,63672	252147	16990
2022-02-17 18:42:26	91a2d1cc679a8285f7b05f76d16c17eb20206525	46,63919	252121	16990
2022-02-15 3:59:37	655826abeeb3c367a4fe882ab80d1a80c97b7ea1	46,62109	252072	16988
2022-02-12 1:35:01	5497e541edc5e1019ebf3437c6e5f244aafdfb60	46,63466	252072	16986
2022-02-11 16:28:25	d0701fbbbd76e1ab4f5db8db35edc39171ddf9e3	49,18902	252073	16986
2022-02-10 19:15:14	2804f10124241f85f54e51db513ff6831dd408b9	46,63409	252071	16986
2022-02-08 21:22:34	5bdd73c5f61e7b2522d02261ca14c06e5d763611	46,62396	251971	16983
2022-02-08 19:11:14	9d9aa7c93583b01cff082afb8664e8727d3dc61b	46,60701	251912	16980
2022-02-07 23:36:45	e5ce4e0ffbf2a575b938860eee2ed457bbaddaa3	46,60997	251905	16979
2022-02-07 18:51:21	52ca72c19347872f4caf40fd92fb06d1d337a04f	46,63136	251889	16979
2022-01-31 18:42:01	ad727427e3fb726d5066034e7335abac1457c60d	46,62272	251889	16979
2022-01-25 2:58:27	621b7c30616f09342d98179c94772673417e00b3	46,61949	251754	16966
2022-01-19 19:51:25	0213b1e89822f5d53f27a3d963f917e0d871886f	46,63793	251729	16966
2022-01-19 19:46:00	cb75ecc25e00b1920b996b8b564a0068f15a532b	46,61734	251722	16966
2022-01-14 1:05:48	44a7e1a27cc73387cf309487f45895801984059d	46,60812	251690	16966
2022-01-13 19:42:02	26f69301b0ad160ca869140c31a4ccc400949225	46,61792	251688	16965
2022-01-07 23:50:57	07b3c68c5e7bbe9ef1f73bd491994ba72b35ca1e	46,62113	251694	16967
2022-01-06 18:22:17	a512f20deddfdb37cfb15eca1d49e26da7ddc7d0	46,60663	251652	16967
2022-01-05 23:16:41	b5b458b1e39e3d5a0ac78406baecb5fb6ead25dd	46,59838	251606	16965
2021-12-22 0:10:56	d541fa6e291211a787acc5416c3296f022e30846	46,58717	251599	16964
2021-12-21 19:28:24	55d662f46940c3604940f359be6739e7c9bab833	46,58717	251599	16964
2021-12-20 20:39:22	6e5ba1fcd57167444f3a2ce876fcd43eee3b3d98	46,58577	251541	16964
2021-12-17 19:46:30	59df057cf6424362a9f6d9a6954dbc925e7944af	46,59252	251539	16964
2021-12-14 23:21:17	27c9e0e0fab8eee0bffb88d0d9c48375c545a727	46,57148	251445	16951
2021-12-09 22:37:12	65a3649474be1d8b5203c8cacb16b8e1bcd5455b	46,56134	251435	16949
2021-12-06 22:27:43	d6f3aef12de054a0148207eb57f072a88914a8bb	46,58259	251397	16946
2021-11-30 0:56:58	a7df7ca45d5281d2a0b831fb305fb0131aa4adac	46,58754	251397	16946
2021-11-29 22:00:21	89497c6305078da6c55f3aea4fce6642f2dd5583	46,57888	251397	16946
2021-11-29 18:49:53	374fd6faf7b7268b4b70c53eb86c9c7bc9c49270	46,59123	251371	16945
2021-11-23 17:56:03	9053c3a2cd6fbba94afbfeab85b941865dd95e3c	46,57448	251320	16938
2021-11-23 0:43:34	6cd19b9e495d6cb39ebc886e8323476ff474838c	46,5687	251310	16937
2021-11-23 0:43:17	b50cf1fcaf459717263a432286a569e0393a06ef	46,56919	251292	16937
2021-11-19 1:30:12	12445a673f311a1053841082a2d484cfb7b323f9	46,56853	251288	16936
2021-11-18 23:54:14	4107ae649d8314ddc17a47b30110194ab9653dec	46,56738	251295	16935
2021-11-18 19:17:28	501e0e09e520978b3bbb9f2d07b07fc611f7dffb	46,56284	251281	16933
2021-11-10 23:09:20	5bc22a5502ddeb810a35b0fb996dd9dfc8c81121	43,29004	251281	16933
2021-11-10 23:07:39	55e64979075fb50f83303c7f0f9dc631d6a018ce	46,57692	251249	16925
2021-11-10 1:24:28	62a434474d96cdf63bd4913846f6ca07f8c9e5e9	46,57014	250993	16919
2021-11-08 22:58:23	2776796e9dd983a2e790e90e31eef9cd17dc1b71	46,54587	250857	16913
2021-11-04 21:05:43	8e59fb4a67baa4db70695b07a50186ea76dac154	46,54555	250883	16914
2021-11-03 23:15:00	b1aed5c865734b4aaab5acec6ed8c78bd7ada886	46,54803	250882	16914
2021-11-03 0:25:55	80bcfb752a2c8dc15465f70a2ea142482147d3da	46,52308	250477	16908
2021-10-28 0:43:01	7fe8f975c050556e7f049474d7abc30d8f0a498b	46,51985	250473	16908
2021-10-27 17:56:29	94a777a574e95d96225dbfcd6647a4eb74a995cd	46,52273	250459	16908
2021-10-27 0:23:56	b4feeb69a1e48600763986b6e4d264f6e926f5d1	46,51157	250459	16908
2021-10-25 20:26:11	255bdc15f4e8dd7dbf5fb94e9742d8430f2506f3	46,53017	250459	16908
2021-10-19 19:33:27	4a25c886db03dbd267cb3f01b7df1a35096f6064	46,46215	250238	16907
2021-10-18 22:53:55	665e14efd1b08b604bb666b4a89136bfca2e09d8	46,46827	250240	16908
2021-10-18 18:02:26	0d8503e0e10d3cfdcc757c997a51b3e95a598c50	46,46388	250192	16907
2021-10-14 22:02:54	b3781ec6025a3acc27bd65d05595326cc2ddd27d	46,46752	250179	16906
2021-10-13 21:16:51	a1b0b9e2eda43e0f518a35ac211844ac73b4cdd6	46,4802	250138	16900
2021-09-30 1:57:28	384dc096da8b7f05447be68fa001fcba39d64276	46,52749	249950	16881
2021-09-28 19:13:12	81c81f6ac0095d671eccaa80f7b20e69194dd8dc	46,51879	249950	16881
2021-09-27 20:59:16	4c3496a5cbadccffdbf2e0993110f5cfbd0d0844	46,53296	249945	16881
2021-09-24 17:25:48	2abda8679d9ce1045f6c7855d58d0b10b585f8e6	46,53501	249910	16879
2021-09-22 20:37:55	c05416eb3cfbff887ffb13fa253f0b476bd6eb2f	46,53927	249756	16875
2021-09-20 17:18:44	b729be0a94ffa61d5b4b3690859b365bd567f6b2	46,54101	249752	16875
2021-09-17 22:47:20	4a92e1e4e848310a5d9e76725a5b4717707e9f42	46,54821	249737	16875
2021-09-16 17:46:19	ed68f6cd16c77b246e119bf530ab0432baf9f4ca	46,54066	249735	16876
2021-09-16 16:44:40	982a2dcf418f948ce1ee2ec7691c5b4fe40f8e33	46,53569	249735	16876
2021-09-10 19:02:42	47707df00a6884ada5974a5f5203408ce1efb890	46,54596	249722	16871
2021-09-10 6:19:57	15ded96c99ab6219682ca3cf7e867ef6290a1b2b	46,50951	249132	16820
2021-09-10 0:39:32	d811a5240bc6840c52a389650e45c828dbb980f1	46,51702	249072	16820
2021-09-09 20:45:07	316f8bf46fad9a34b448496c09f2bedf841e7b9a	46,51804	249112	16822
2021-09-09 20:24:54	50eea4c0ecace3e2105520318ea12c523809c693	46,53096	248733	16797
2021-09-09 16:31:18	f99384f72211d96d538431b462b4076461cd9d70	46,52597	248733	16797
2021-09-08 17:43:14	601312dec3f1716e5a60e4e52ec8801be7e8fe06	46,52205	248713	16793
2021-09-07 21:06:45	84fb899a1d94f24a838d83b85c991800eae434c1	46,53169	248687	16790
2021-09-07 18:25:20	bea281712ad86f31634d5f6441fc492639cdf346	46,50887	248653	16787
2021-09-02 18:34:13	6036c75f8a7dd2749bd943e5909c482d9462bb35	46,51119	248643	16785
2021-09-01 23:57:16	d9d22225ff34d534322e1c33675aa3d34f995969	46,41631	248643	16785
2021-08-31 0:25:27	0632fbe770a0074e1888ed8a80de0c8d487061ad	46,42813	248622	16783
2021-08-30 18:08:46	a18d4e01f9999426c541441ea4d7f88f82c4b2b0	46,4185	248625	16785
2021-08-26 0:13:59	2b36f27a29600ecb8f11657f2160357fe56dc8e9	46,42081	248620	16785
2021-08-24 16:08:43	a010c7bb45086db64cf6e3c37f232b5a9bceb2b6	46,42875	248590	16783
2021-08-23 21:22:11	d9270564a5a3fb098505358d343c279e38c9e257	46,43107	248583	16782
2021-08-20 21:56:27	44c73168125e1132b0cf511a78bee3cfc88522d3	46,43606	248583	16782
2021-08-20 0:08:00	6691a37d863d35cb5d217355ff8667f29cdb03e8	42,63173	248556	16782
2021-08-19 22:59:04	35f98f02473e25c163837f3eb41753aa90f10cc9	46,43423	248582	16797
2021-08-18 16:50:25	daffe0c2d2c01ef9ca74344593d5c09db50d537a	46,42848	248579	16797
2021-08-17 23:06:31	10f1dbd8943a271fc3fb605cd4e5a7553339890a	46,5292	248180	16755
2021-08-17 22:48:56	24cecdd584c503e997292629c750de8bc575c529	46,53095	248174	16752
2021-08-17 17:51:47	bea210a70fad93951eedb49590b9bcca4615e255	46,55597	248174	16752
2021-08-16 17:41:26	d44c12bb9e2e73156826de041fd4932da5b610f7	46,53291	248108	16753
2021-08-12 18:17:16	ba89b2b85f767256f980e0ea7fea75d6a8c5fc81	46,52723	248107	16753
2021-08-12 17:40:58	b9a7158d88da071bef6cb3ccf2d185f80c1f6f18	46,52997	248096	16753
2021-08-12 4:01:05	de3a6941d0d9ab0eeb1035a8d8ea04aaa65bf07e	46,52746	248096	16753
2021-08-12 2:30:08	9c259a4776ddeb6e5cc02bb5f0e6b1ede4ebd62c	46,45098	247328	16727
2021-08-11 18:07:50	cdd63edc2cb67d0393a666cc493ffc14a7173f96	46,44596	247328	16727
2021-08-10 16:41:03	1d7671a8dea8638c7bfeb314883c31dbe256e238	46,44377	247273	16725
2021-08-10 2:18:11	557ea5445510902af9baf065ee20cbb7a16015f7	46,43866	247270	16725
2021-08-10 1:00:21	8a4cda47aaf954041c82e43b6a10f389d1e4a4db	46,4613	247244	16728
2021-08-09 20:08:24	de94515d04ea615bdff86b306f34f5361e1725e6	46,43844	247184	16723
2021-08-09 18:08:20	fe861936ab18ce826a03394acf1b0945bf4e619a	46,43467	247184	16723
2021-08-06 21:18:38	e5576e72c2e57770164eb0796ba72524950c3a89	46,43467	247184	16723
2021-08-06 19:05:14	dd205150d13d9ad9cd77a604d0bc577e19e9c628	46,45601	247155	16723
2021-08-05 23:16:18	d96b2d203ea4b761e0adf91d9872de846105e8d9	46,43113	247136	16718
2021-08-03 18:46:51	f468bb0743a2d2f3de65abc2bd1a8cc7994c16fd	46,42956	247104	16711
2021-08-02 15:59:58	a445b0ddcc38441e8768884f07695ac849dcc7fe	46,43516	247103	16711
2021-08-02 15:52:19	5ab79b0453e71eb170b0e75f41daeb10377e7233	46,42862	247062	16711
2021-07-28 22:32:07	13676140d07d2b633b20cca5d207396a7c671a40	46,54425	246875	16698
2021-07-28 20:02:46	9a9e239ec7c1c870916d2ceec442a537275c1166	46,53595	246874	16697
2021-07-28 17:33:22	e9b7eac6d468592b7cb6f0b3ea27a88ba7763ab7	46,53528	246873	16697
2021-07-23 3:44:57	c65e5d05f24eb2f7f643c67abbdf0171939072bc	46,55153	246870	16696
2021-07-23 0:57:22	48af4c61c4780740b63931901c756e5a184e763b	46,54732	246847	16694
2021-07-19 22:38:59	08db23e15ab73654142998ecabb01bbb51f42a61	46,55864	246843	16694
2021-07-19 20:29:32	07e76fc8205beeceb935594f3816c832614a474d	46,55294	246829	16694
2021-07-15 23:09:37	9ed315aab6e08b964e1ab1043d6c814ac30984f5	46,54186	246815	16692
2021-07-15 19:13:27	7d7bf14b192a41bea4daad7d86e69821a52906d3	46,54628	246769	16695
2021-07-15 18:59:50	e5b6461ecfa5422bdbc309293e753932af7cd5dd	46,55886	246769	16695
2021-07-14 23:09:06	525f3e8bf4cb07cbf9969b1218fc05298208165a	46,55114	246312	16666
2021-07-13 0:36:48	4edf10c3e112c213aa3dcb3299470eadd1cd61ce	46,55114	246310	16666
2021-07-01 23:49:08	5b495aff5d5bbe840add9f2db76ca944dffc69aa	46,50706	246257	16666
2021-07-01 19:21:52	8f5718a00f43771a6ad04ffc4bca0fd86cfa17ec	47,50848	246646	16666
2021-06-30 17:23:22	4b1d57ff82783eab04ab19fe183086f0154365e3	46,404	245509	16597
2021-06-30 0:21:41	15c88f33330f60f62b18c367d02220839d7ab1a6	46,41154	245477	16593
2021-06-29 20:40:12	ee049d20853dfaa2d0f727bc02351859260e75d7	46,40498	245419	16581
2021-06-28 16:52:42	2407be647d3073063c4b589e656cf53f439aca8b	46,41401	245263	16581
2021-06-25 0:37:10	3973a8460724931aae8dd06787f42ec00d2edf3a	46,30098	245135	16558
2021-06-23 2:19:36	b87b12ba7d7c3e925d36dedc395b4819847473b6	46,40931	245082	16547
2021-06-08 17:31:08	bf37c76f6da228ae96b0c405d184617f03d2c198	46,5009	244993	16553
2021-06-07 17:01:20	fef18ec933426f4a352dc6d4599c6cde5483be0a	46,46942	244814	16542
2021-06-06 21:22:06	dd4c08d180b965960441c120ba649fb18ef21eef	46,4801	244812	16541
2021-06-04 23:43:36	5199078a82dcb338bcc66b81631b4e6c7bd75c5f	46,46807	244811	16539
2021-06-04 22:46:57	381b659d3da7a241d6f038696396e6bba690120e	46,46825	244816	16539
2021-06-01 23:16:16	557f255d973255e50420f821b512f7c805552ae1	46,55964	244754	16542
2021-06-01 18:49:23	ea522ebbb03a41ff3a6957aac4b46872cfb83547	46,5375	244727	16538
2021-05-26 19:02:12	75f6afff6a39c01569c63ac7895ea692610fbd2c	46,47514	244757	16542
2021-05-25 0:21:42	2488c3fa3e38e32e339162ac472f2e8ad035c6c4	46,5507	244726	16536
2021-05-18 4:10:32	2e5eacad5f52cbae88b9cb7b70cb175765fe4d3c	46,53161	244707	16534
2021-05-16 15:31:54	e4d6c1b7542f3af5237447021ff14295d2c425ff	43,03357	244707	16534
2021-05-13 20:06:11	569cdb762367a132e691936b341f5cea0c3047f1	46,53152	244700	16532
2021-05-11 0:17:01	ae62d77a0b3b0d123cea811b00bd363b6c6d30f3	46,54228	244700	16530
2021-05-11 0:15:28	6dd91a0707e93ca68c96f0b11e0204dbb6a0525d	46,54261	244694	16537
2021-05-07 1:01:19	7350c20076afc83dc1110dc5e7ec1ca650a367b5	46,54378	244681	16538
2021-05-07 1:00:43	2eaad1d5e95f9a1daf1ed58af2715a90235b41d2	46,53602	244582	16535
2021-05-06 23:45:15	701840858f1323a1f009a44bc70c1e14e7464935	46,5212	244569	16535
2021-04-27 20:08:58	f72523c3ed8b2b05a77accb96d6a845324d90e69	46,52463	244481	16524
2021-04-26 23:47:54	e64b8315523ae3ecf71256c8c87bcc0697a8b141	46,4793	244350	16519
2021-04-26 23:46:23	ebc0ee2cbf04b4f4097d5e255639fbfc02c46907	46,48746	244283	16517
2021-04-23 18:13:46	a77250b057e1ba83531ee0bed6e8302ed6c18510	46,47601	244277	16517
2021-04-23 16:50:49	730ab2ada7500ca7729948260474be4692de3a2e	46,46898	244250	16514
2021-04-23 16:41:52	6b14adf4b0ce02b3f71b0c5163c5807b13f78247	46,46898	244243	16514
2021-04-22 20:00:31	631e1d67333d4a75e372269ab8bb88d802b20e41	46,46763	244240	16514
2021-04-21 17:00:52	0a504aa9acb2247002c9798cc5d5f2476513b183	46,4587	244237	16514
2021-04-19 18:55:04	f11d68ff07bb64f29024cb09ec2b7bf217bc0ba5	46,46881	244237	16514
2021-04-19 16:29:36	1a671308b7699241efbc01adb303cd8931cbbbe6	46,45984	244213	16512
2021-04-17 8:34:30	c6a8da8eab1b923c311003b5689b912ccaf9aac1	46,46615	244213	16512
2021-04-17 6:23:05	c67c974ba099c01b77d00e1daf15f29695a07563	9,00599	244112	16493
2021-04-16 21:23:25	522d31205cba743209437976946adf7bf0c4f1be	46,48103	244112	16493
2021-04-15 22:42:14	09c6f11620ecbd8ec2fe986f820d97a0c2617e73	46,44564	243994	16491
2021-04-15 19:40:38	464459b24f69e3b26b4b78ae0833d7296a135377	46,47982	244068	16492
2021-04-15 18:51:45	22b00ef951b24a262247ba5f1d96a734599fe13f	46,45634	243992	16491
2021-04-15 3:07:19	7ce0cf07843d09d6ee3a78cb97fe945347ce67ba	9,00424	243992	16491
2021-04-13 20:13:18	07eb8e70ca0a02503bf4965d4156198ad12505d5	46,43611	243992	16491
2021-04-12 21:12:15	1a91c42f19f6d629fb61a77fc234274c42fc2770	46,44167	243991	16489
2021-04-10 2:54:44	d799b6ab6aa452235eedd3acaeb4a4b10edb3d65	46,41533	243870	16475
2021-03-23 22:21:10	d9ae5353c74fdcd385835fca9b586b3fdb90971b	46,42089	243853	16473
2021-03-23 15:43:36	02421fc39e5fe2c131d5776f0b7ecc12ea3c804b	46,47977	243335	16410
2021-03-23 15:22:18	c092c8f9cfc364de19af323c16cc92c36f19ce2a	46,49615	243332	16408
2021-03-22 22:12:37	24ebc02852f70ffaaef97139ff0ae61cf6dba2ce	46,49719	243367	16413
2021-03-22 18:04:30	75684ca8cc0bd968208a4a6e25978460cd663cb6	46,49497	243335	16410
2021-03-18 20:02:04	6f3e078f7b85473a95dc8244a67e97882ccf4829	46,49683	243333	16409
2021-03-18 19:54:03	46e3cf5da54fd38829653c8af167e128a67e3723	46,45028	243333	16409
2021-03-17 0:25:39	280a834b695a6750c6cb62380cfa9fed1660b07e	46,39403	242999	16394
2021-03-16 19:47:43	a030866737eca462c7eec9eb11483ca09ec29e83	46,40038	242995	16394
2021-03-11 23:11:04	30bc46dba4becfa3a3435821e3fcb429d6c17d75	46,40341	242986	16393
2021-03-11 3:37:33	1cbe3d0aacf47edb78bf50986d70047e49f72798	46,40722	242985	16393
2021-03-11 1:04:20	2060ab71438d8042b78e637e23cb69f8613987e3	46,39199	242985	16393
2021-03-08 18:42:57	303ec0e99a6987db834638726d3e88daf22ef181	46,3996	242985	16393
2021-03-02 1:37:30	48cfae4ab57c443db3c11b5029e454563ac7bfab	46,36417	242849	16383
2021-02-26 22:10:26	4fb83cccec15739d4afe54aa288666ef81852156	46,37814	242849	16383
2021-02-23 21:17:02	520eca8938231494bddd5c477e07ec71c7da653f	46,38	242845	16382
2021-02-23 19:19:01	fa76a8b26a7e381fffec64b8bb5ffd27b122f9a0	46,38127	242845	16382
2021-02-23 0:49:59	bdc6e01f62228b6c8b7fcb8210eb45b6b9d4b169	46,377	242807	16378
2021-02-21 20:49:08	f21bc150393119cb1463b85f2b31204069376a53	46,377	242807	16378
2021-02-21 20:04:46	b3c27dc1d52cd4ea7c039fbd6894ef19ccac5e0b	46,38524	242779	16371
2021-02-18 22:04:27	f3f8a36559c7118f55c69f70f35294ba4a90a03d	46,37567	242777	16370
2021-02-17 22:37:04	ca2635401875550e8977341e3fd761b8ec64cdaf	46,35934	242697	16364
2021-02-17 18:42:05	498911de482f41dfd10eddc1a3b66c000f63c464	46,37517	242696	16364
2021-02-11 17:18:32	5a2fb0d1453ab425c5c379325d680d085372482a	46,36882	242696	16364
2021-02-11 17:16:00	dde8d1dfa31a6aa2049f3d4223d3d7e694353d88	46,35779	242625	16363
2021-02-09 20:58:36	f7181aa5ad6ea3d0a8f613b369abea23ca7f5b99	46,35829	242621	16363
2021-02-09 19:45:35	2c5122d2156e7b3621b1f13cc8080d96de03c700	46,35702	242621	16363
2021-02-04 20:13:05	4e2dc94eb570086c768c247f669255d62f84f3d6	46,35953	242575	16359
2021-02-04 19:56:20	23f085a12e2bc628b1c25582f10c79d987a5f65a	46,25445	239969	16120
2021-02-04 1:31:28	e5d711a617a6d4b9bb0e30fb8b5355d89bd0e426	46,54422	244707	16534
2021-02-02 23:19:20	d80d88ef4756d8ab1e771430da396ab2e9c3186f	46,24375	239910	16114
2021-02-02 5:43:03	edd718e8a562632046f5831c0e4b6b93e22ba0e7	46,24633	239910	16114
2021-02-01 18:32:02	ad69a596664242e1ad8bed53acec4ad437ca04f8	46,18946	239757	16100
2021-01-28 20:57:24	2a0ec63b9cdaa77b9945558b22cc52361e0e82bc	46,18747	239756	16098
2021-01-28 19:57:35	2563b8ed21b99468efe0013bca7726597538c0fe	46,18747	239756	16098
2021-01-28 18:03:28	f6e063245df709c6981226a98129087cef0f9d4f	46,18788	239720	16095
2021-01-28 2:17:17	1ed61fe7aa4943d912d74b61c7936e7023b991f8	46,18143	239720	16095
2021-01-27 20:08:15	5b5b1f98b0b232bd5305fa572224d30511f14e46	41,9064	239705	16093
2021-01-26 22:57:17	01136a5b3a40eca85cf564a99c63a1ed98e2671d	46,17756	239702	16093
2021-01-26 22:47:27	26c22efedd1f9c6b6893ec495c11d9bcbba8dc2e	46,17925	239726	16098
2021-01-25 21:20:01	b021e9ca48f79cb36c94f3afba592e4603af9d91	46,16159	239665	16093
2021-01-22 23:31:36	f4c75139bf38b73b3fc052cc5c2010cdca9bc4c0	9,17219	239660	16093
2021-01-21 17:12:17	5ecf9a175d745e1b2b46bea5de4ba89512866e5e	46,26868	239660	16093
2021-01-21 5:00:52	edb6b1478edca31d4ec61327451bfb8662c2a5dc	9,17219	239660	16093
2021-01-20 22:26:27	ab38bfe904df8e02f0550dfea03d50866d7fee64	46,21181	239608	16092
2021-01-19 19:10:04	2fa3553c75775d2d2a3a98f51c92b5c758c7abc9	46,23898	239503	16081
2021-01-19 18:39:04	4da5816815fc5b0c228f9ad6225394b6cfcfe484	46,24156	239502	16080
2021-01-15 19:52:40	f26db677a16db058767c39757a2d1ce43c89cdd2	46,23371	239498	16080
2021-01-15 18:51:31	8fdc7de20303ad801f21fcbf12b648318aa0a7c6	9,17532	239496	16080
2021-01-15 9:15:33	d389be9618f2a5b28aace8930544427093ce62e3	9,19215	239246	16041
2021-01-14 20:11:22	4e9326bd96ab9b5ec05dd1cd5e8010a7d6175f0c	9,18261	239476	16076
2021-01-13 18:22:43	493c3c16f2aa62ee939ddaa29efeb6fe649a9b95	46,24329	239236	16041
2021-01-11 18:21:56	4de10b8ee7c625cfc079f5ddaefb170f8b762a52	46,22521	239174	16034
2021-01-11 4:27:58	126f3f81f312297d8745af9d50c300b1e87126e0	46,17238	238929	16018
2021-01-08 9:59:25	829ec2bb340a07af9d2a838b20233985e94c7a23	46,17228	238925	16018
2021-01-07 5:06:54	1b31c907a5b46917b0d3319be49b3a88764944a2	9,10763	238868	16017
2021-01-07 0:34:56	612643650117f9eb74fb421a0039f50ab0f38b4e	46,16102	238868	16017
2021-01-06 20:04:59	4353e0054d19e3cc898547656848511a9c700089	46,15972	238868	16017
2021-01-06 19:32:48	2ee8d1f5d85030df786ca56e214e7782c3c1a4ab	9,11424	238742	16010
2021-01-06 17:16:05	78da5dd29b4e5e400c21dd78b6044841372771e5	46,21606	238728	16009
2021-01-05 23:24:36	2e60f22784843b413dc08ab715d3cde886f12773	9,1225	238571	16006
2021-01-05 23:12:24	7fd352652e9bbcbde619087d177ed127b0ef6aee	46,19245	238565	16005
2021-01-05 23:00:04	fe35cb9717a5803d5eb00fe99768a170177289a1	46,20682	238547	16002
2021-01-03 19:57:39	51a4ff21e70dbec4e229095f9438719d7c538022	46,19256	238502	15994
2021-01-03 3:24:18	e1aedfbc0c18e038c329fa0d5a49b58cf2667d97	9,10388	238502	15994
2021-01-02 2:43:27	4db216a61fc77d9e55de185c3c3ae9d003d50eb6	46,21201	238502	15994
2021-01-01 2:23:39	d7fc4757d3ab3785136cf051cd7b5f6561a463a6	46,19385	238502	15994
2020-12-15 17:39:19	38765e7dc0010637c58f8e2072799fd2a9adbd9f	46,20682	238502	15994
2020-12-15 15:32:27	b1006b4da3f036cffdb81978faf3f26f3e577f76	46,18458	238467	15994
2020-12-14 18:07:29	c002a1baf73b9c23541b22714c375dbbd8a3dd43	9,10695	238467	15994
2020-12-10 5:26:23	720eac240a763e81201f147acd27c52d93159516	46,18458	238467	15994
2020-12-10 3:07:04	1d32adbe300ff3121cf2b826990c0616f625a27c	46,19106	238467	15994
2020-12-10 1:54:50	1f08d25e828737798abac750c59b6167abdba108	46,19087	238459	15992
2020-12-06 23:32:14	92fe239355e5c0354a95c2a1ff93e7afc2f53cae	46,19028	237137	15952
2020-12-06 21:18:19	ee88b12913d4358b1acc2e527397565cc9370fb6	46,19548	237137	15952
2020-12-06 19:19:21	7170945bc49647f4eb694d32ad16b4af16173562	46,18768	237137	15952
2020-12-06 9:01:18	6c5a7038154294d61926788644c1780d75590502	46,19548	237137	15952
2020-12-06 8:48:48	102517caf047b65032115fda0a121531ba2e6de9	46,20199	237137	15952
2020-12-05 0:39:58	2d2b948a4ae9cbb47caae39327f9ad9e2b476893	46,19028	237137	15952
2020-12-04 7:33:04	0aad6d42b68caffadd0981559131d5eb8acae814	46,18888	237132	15949
2020-12-04 5:20:34	44d7aa00b1a8ecf50974d1004f8ff18677eeffed	46,19408	237132	15949
2020-12-03 22:32:15	76658e4bf20ec15ecec6f8947f648a64ad058a92	45,92275	235265	15817
2020-12-02 20:36:30	8e07f03dbd5adf3ef57ab012d05dace37beb30a1	45,89585	235201	15815
2020-12-02 19:34:34	8585ceb5313f9aca90d6479a094cf158a7027eb6	45,9116	235200	15815
2020-11-30 22:18:02	0ac0671251f39f9a922e68267894099cb668e896	45,90373	235200	15815
2020-11-30 1:32:24	9b6604eeab3110917029be157a18a3af8f005f7d	45,95056	235057	15798
2020-11-30 0:00:31	7bb594e1a4e5170a86b5a7da9830c2a3b34ddef3	45,94399	235057	15798
2020-11-29 17:56:01	4de9d464077af45744fc40c27d083e521e23603c	45,94136	235057	15798
2020-11-24 18:28:45	fb5e40fcffa978fdde7e22efb851f73ddd7a3587	45,94136	235058	15798
2020-11-20 19:19:55	f81a2a2ac93091ac878985565bc010532418e2c2	45,93146	235055	15798
2020-11-20 19:15:53	16f40fe8a9591c1200a7eddcccb79a37458dff90	45,98627	234862	15789
2020-11-19 20:03:37	0187e03a6fb213edf7c941e4a43bfed62534559c	45,99082	234850	15789
2020-11-19 19:15:22	5db258bb1e7c1d7f274899b9ef7d1e38674bba46	45,98329	234777	15788
2020-11-18 23:39:07	6702d391766a499968fbe1e7f70c8f83b37916b8	45,97671	234777	15788
2020-11-08 1:17:19	7352cad8ae3a1d9be10d3b6fb78383ccbada9b19	41,69628	234761	15788
2020-11-06 20:33:21	64c8ad93c239b76968ecd644a55f5d0b1c4fc400	46,01125	234469	15769
2020-11-06 17:53:56	004d42d61a6f84fb19f4e81ab7d87681e290bc93	41,76625	234469	15769
2020-11-05 17:17:36	2fc978c1156633d8f5a6a752b590ee78ed757659	46,05381	234415	15769
2020-11-04 6:43:09	c35bfaf5298f1a97902367c28ecbfb13612da8cd	46,05118	234415	15769
2020-11-04 0:42:18	c7bd6ac5672aac968e50c228e2016fe717930053	41,77295	234415	15769
2020-11-03 22:14:06	f2767242fe863307feaf68332f0d3617f30e8e4b	46,05473	234422	15771
2020-11-03 1:53:42	ac469a5b399ae2f7a91ac726d940629b923870d4	46,03556	234002	15756
2020-11-02 17:25:08	58fbf67b6065a373ab1e8afd427b75612ee65370	41,75207	233994	15755
2020-10-27 17:47:36	a260f8f58b67a300f44720cb5a115596ac77ba7e	46,03991	233994	15755
2020-10-26 23:38:59	d1875e61080ef68251e76a27452a2126ddd77e7f	46,04579	233991	15755
2020-10-26 22:43:07	bf3357f7502017d68e974256cdd5b086bdfc8bc5	46,03859	233993	15755
2020-10-23 19:56:19	4cc0cffa1791218dee07889e2da64eb091fe8a31	46,03614	233942	15753
2020-10-23 17:45:29	651b64f354575f322c1eeea82d5317ed8d8fc02f	46,02477	233915	15753
2020-10-22 19:12:59	2d7fa74129ae9e95002133d4058ccfab7db4f754	46,02	233915	15753
2020-10-22 0:45:53	9cbbfc1354769f2937824686545a6802a8eb58a9	46,00092	233916	15753
2020-10-20 21:48:53	73a2a1c945918a6a606b1c467fcac099d40a0f7e	46,02417	233916	15753
2020-10-20 2:56:29	13a66e6cb5e44573191bd58189a799378deea8e2	46,0195	233910	15753
2020-10-18 21:13:10	dbaf68b21eabd0bc6fd36768ba32254edb975d80	46,02477	233910	15753
2020-10-16 13:39:29	268d6084c1ef07e6be44f7499e10af81d9877190	46,02741	233910	15753
2020-10-13 20:11:42	dec03666692a2aa20307fd5266538023a85348bc	46,03208	233911	15754
2020-10-13 18:53:52	655b8ebcf5a570d34559003ced7005531d04fcb3	46,01757	233911	15754
2020-10-13 3:07:27	0d30aaecee1e2eed5dfcfdbcbc8efba96d63ed7c	46,00631	233942	15760
2020-10-12 17:34:03	76700f1d2221e3848f8133faa378f82e6179ddba	46,01847	233908	15758
2020-10-08 17:50:31	3fbfd584f32e3eae5e16b8c8cd1878bef528465c	41,7456	233910	15758
2020-10-08 13:38:35	52cefe6339182e3f78e93e3913ebd946c7a57512	46,02354	233883	15755
2020-10-07 23:24:38	c69a758b59415bd13767900227dafc78a004e22e	46,01826	233883	15755
2020-10-07 17:19:37	8110e88a1c09c4ec7795560748321891013aadcc	46,01166	233883	15755
2020-10-04 21:22:59	1cf79ef1fffce760917373b4c578ffb43d601597	46,01805	233861	15755
2020-09-30 0:11:23	885b9ab2b0de846dda5eb71cb6eaaaeace56949f	46,02454	233860	15755
2020-09-29 20:55:07	3cc50cd9b2576fbfff5e58c8668997f57c2864bc	46,02058	233860	15755
2020-09-27 18:07:29	6e9bb2af7e8ee8c482bf94f3c323c5bd76c748ff	46,02414	233867	15755
2020-09-23 23:20:22	37e08ebc14b67042e8844c9bbe6ca8eccfd6194c	46,02019	233868	15755
2020-09-23 21:46:57	083ad2f3f4db731bf6bb8dd0cb91799149c60282	46,00433	233794	15753
2020-09-18 1:05:56	d112ac6b93091ddea2a703299e762d8f1ae6c526	46,24618	233638	15738
2020-09-16 23:39:45	4d921928b9ca35b81ded594bfa8fc1301c6ff9e7	46,25017	233638	15738
2020-09-16 21:17:26	b3002c51dae865537796018a7013b55d0785a291	46,24578	233626	15738
2020-09-15 22:50:21	4dad87236bcf6c904a5c2b6e3afc65d44cc42dc8	46,25508	233626	15738
2020-09-15 22:42:13	f82cb13204d48392d56a1291f1b06335271a1e7a	46,25641	233626	15738
2020-09-15 15:45:24	4ebb37ec8ed56d6f5add275672cc0b10c0f8e413	46,24711	233626	15738
2020-09-14 18:53:01	baebccde966b48c1b3ba6092ef6491c51a578341	46,25611	233618	15737
2020-09-11 23:28:05	e49c068c5f3c9876ff5e89bfd16f3274d0335d00	46,2413	233612	15736
2020-09-09 17:12:36	88780bc92667b58916f7d4b2cc1c5f01eee35c5f	46,25296	233579	15732
2020-09-08 18:26:14	778a8634978981e63d3a096af336b14f79aebeca	46,22085	232574	15626
2020-09-02 18:54:04	03911c65ddc23e4924bd4c201ca05023f025db0a	46,23827	232428	15618
2020-09-02 18:52:56	67a060fbe861c178ac8a4be494b440a234a96993	46,24341	232411	15618
2020-08-30 1:05:03	d1eca1aa211093f5a46812959aba1ed354c3698d	46,23406	232403	15618
2020-08-30 1:03:54	05f5640d557c4d6c4a9ddf4d986dcad6563e7a2f	46,24135	232402	15618
2020-08-28 22:31:29	93584ea5ca02252146190b96032e696d9badbe99	46,23181	232394	15620
2020-08-28 18:01:59	b2f9cab5c7a192ac35b5b2764bf1449750bc6bf6	46,23499	232390	15619
2020-08-27 23:15:40	f47f8df79b315cc4337cae3ca1f4bc0eb8d9acb2	46,17028	232284	15613
2020-08-27 21:55:57	58666e4174ac8623fd50954798486eaaa8b18e56	46,17851	232222	15610
2020-08-21 19:43:11	dca0f60e53c6f6fb4aea44d4a2fbb631e3c4ca1a	46,18385	232222	15610
2020-08-21 16:35:57	1d8a8f37258f65cf067541b7bb0bd453b2792033	46,15713	232224	15610
2020-08-21 14:29:50	cb3e51ffc6e7c9ef34391632bef568a14ddff6f6	46,16114	232224	15610
2020-08-20 17:35:57	f86e8132a116667ea4692e87ac48642661a5ded6	46,18919	232224	15610
2020-08-18 23:01:56	d29dd87c1c2ed72449c1ce99acbdbff4768a9dc0	46,17049	232224	15610
2020-08-18 21:15:58	f0904f3fae2e12b995251ad349760a1bf4a3a0d3	46,15981	232224	15610
2020-08-18 19:48:24	678a34b207e29fc4be158aa15d570b4c824607f0	46,16895	232215	15609
2020-08-18 17:57:46	099e9dbee62b1a9694f59e5b4d1ff1b6b46faa9b	46,16494	232215	15609
2020-08-18 3:32:17	c179ca20866238b9232c7aeda279bbd1b9c401d6	46,14347	232171	15605
2020-08-15 0:03:43	c98226cf7bb30ea2edc19f02eecdef7f9178b87f	46,15076	232170	15605
2020-08-14 23:24:41	21dd43619ba769143f9afa87ca89b37dacd67756	46,16546	232169	15605
2020-08-14 17:27:24	abd71dbef280b7ba741343c8634688e7c99de394	46,16896	232105	15595
2020-08-12 22:58:21	025655f7b52a87126640c6f14c39e3f501310ac4	46,17431	232080	15590
2020-08-06 22:21:30	a9bd984748c6df1b55679910945d326b127ecd78	41,88089	232009	15587
2020-07-30 17:46:15	be46c7c34ad4576f15d2cb08037c672bf17a8bd3	41,86786	231981	15585
2020-07-30 4:06:28	fb589737bd4f667a04fd02cb17f7b0b809c126e0	46,1449	231917	15581
2020-07-23 22:05:15	f30e6f4cd51624b7d17894336f2787ec7bf2a9ad	46,1451	231847	15578
2020-07-23 19:01:21	4cfe51d4e21a7b5676edeac6120b2b2cdfbac455	46,13883	231836	15578
2020-07-22 0:17:30	d208c0336a7d4e8e91b723ee7fc3bef6326aec21	46,15755	231819	15576
2020-07-21 23:20:03	93049c9dabbd35d219824d7122f98db02398c722	46,15385	231802	15576
2020-07-21 23:14:52	80071e3d84b96a9a82baa9387f27e811b61a9032	46,14891	231786	15571
2020-07-21 18:29:21	28013218552657c7933cc61547657be3caf90d73	46,15755	231785	15570
2020-07-16 22:24:43	97774251028668486ece928e3290a5d298bf57b6	45,86712	231703	15563
2020-07-16 20:38:39	dcc3b8203bf8054332238fa5fa0f5511b82597c6	41,63121	231703	15563
2020-07-16 1:50:25	3b2d3823da53e55a213d8aeb81fa2fb579ee8f3f	9,27992	231672	15562
2020-07-16 0:18:37	d3f558340847ddefecbc8099857de65b1b069ec0	45,86288	231664	15560
2020-07-14 1:59:45	b04e7da0c0eb8ac0dbc6fd2377df3eaf9296689d	45,8761	231632	15547
2020-07-13 21:10:35	cc33043a4319901da0a89f9ec304dd0283d8b56f	45,86724	231628	15546
2020-07-01 20:08:19	f5590cf305833e5ac76e60578810badf5e4d2fc7	45,86691	231621	15544
2020-06-30 23:45:05	f99b612ab59e1fc6a438b693273bc7295b9c99d1	45,87287	231595	15542
2020-06-26 4:37:44	ea1964a1f8dbb7369b23da7771789d6a0f7098e0	45,85927	231499	15541
2020-06-22 21:09:59	1476c9934d99155854ca3bfdf25e705362a9e399	45,847	231477	15541
2020-06-22 19:22:54	44e419c14d54b2fc7e2d7a8d8287804e9e2783e8	41,54796	231448	15538
2020-06-22 18:41:40	60f33c5720e4e8647a1bdc2d99c516f44bebcc50	45,80265	231445	15536
2020-06-19 1:19:13	87506a370c2ee4b607d93b6c8d10b777885da7fc	45,80484	231173	15483
2020-06-18 20:36:51	24372a308006bf0b3933f026bd3c452317e30761	45,81316	231146	15483
2020-06-18 17:50:34	e32b4e9653da1ef329c562d3c848ccbd8981da5a	41,55492	231143	15483
2020-06-18 1:06:52	32f46b40e18e71f69ad979f684fb6bd4d055a290	45,80735	231137	15483
2020-06-17 19:28:12	bc41697783c4ff0ee3cb6a5ef43b04896aa988a9	9,27198	231093	15475
2020-06-16 17:04:05	c762c97c97336aa5603f571f383258a1baa7e8c3	45,814	231089	15473
2020-06-16 4:47:47	a5fc66324cbd7fe1ced3556fcf4668f2beefa574	9,27802	230780	15453
2020-06-16 0:38:50	ba5ed2ef55d172b2b0192c1f3d6edafa1876d59b	9,28036	230740	15453
2020-06-12 21:24:34	93ee79546759d73310fb6f949fcbfc57e232ccd8	45,78289	230726	15451
2020-06-12 0:55:07	156a3af18aad163f42ceb69f33fa35145d7d5405	45,79845	230715	15448
2020-06-11 17:14:42	6f074c31128d443e7b67f4ca3673e4af7b5dcf05	9,27663	230697	15448
2020-06-10 19:37:30	8b9744e21f9bfb7ff2d01391eed28bb0b8799b33	9,27798	230553	15445
2020-06-10 18:38:53	4045e6853943d1d57ea4813df7a744e7a38d1ae9	45,67485	230553	15445
2020-06-09 23:36:04	e1053134b1eb9eb6c71e9be5b74599d8db118771	45,68011	230551	15444
2020-06-05 18:23:43	31f2ef1478c3b5d4887cfc772f0e85057cde1c56	45,66985	230548	15444
2020-06-05 5:21:33	2dd17fd8cf66152b98651fe5adccae3d2c84f5d9	9,27726	230548	15444
2020-06-04 21:20:00	576fa19f560642b6cc11d41ad4e192d3fb70ead9	45,67573	230537	15444
2020-06-04 19:05:11	c0041a56238695da8411033bd43b0389b18e4a89	45,6634	230524	15444
2020-06-04 18:49:15	3b82da5d774c93d8c605afd8914eee84fb5a59e5	41,4114	230426	15442
2020-06-04 0:47:07	5b1070992d906824889eda4c7041bb6d28ae549b	45,66334	230426	15442
2020-06-04 0:42:36	bf568fed2acd805d4a423b87a882b8f1f777b7e1	45,73564	230138	15386
2020-06-02 22:56:59	469a56d9161c404c6dc73e8fe927fe2bb8922ddd	45,72487	230138	15386
2020-06-02 22:46:24	2ab6200116062f49f9d3c7854270ea19490d8ba1	9,28156	229984	15381
2020-06-02 22:03:04	e9f35a8ce15275f843ec3920b7556c1f0d983c66	45,73618	229937	15381
2020-06-02 15:08:22	2747b8d31f022388fc6808d0fbea5177c343c644	41,47304	229937	15381
2020-06-02 1:27:07	93f9a817ff9cc259734eec81e4cb7408aab8cc98	9,28027	229901	15375
2020-06-02 0:06:36	4325920dc72b82d2a96e2ba52ff0363d6f8575b4	45,71063	229862	15363
2020-06-01 22:41:34	f097c9e134a6b6929a5ddf7bb3b6db77d47d27cd	45,72769	229849	15359
2020-05-15 19:17:04	199210d12ccbd86c6f65742d825c79fe832f938c	7,17202	229134	15311
2020-05-14 17:18:36	76d5a3bab26b471b722787d735f3df696beecd68	45,6373	229123	15312
2020-05-13 5:43:19	1c89e85fedf90187a5a4ee4752df9464c76907e0	45,63448	229116	15312
2020-05-13 0:07:33	5ece4e15140fb34a2a17f4b7b425c4252ca0ea02	4,09045	228560	15246
2020-05-11 17:33:07	239115778a08590d7ab5dfa32334efabe0e4fb49	4,0904	228560	15246
2020-05-09 0:31:47	3bdad1148d86d479f0a27172a75f8bccda15371f	45,61158	228388	15242
2020-05-07 21:35:15	4d76f4544e936af1ec1871143c95d86e25c239b0	45,62022	228378	15242
2020-05-04 22:59:18	9029a89b85ef373f78d603b14d6aaa75998f3356	45,61915	228296	15229
2020-05-02 6:30:14	3624a4f1e5bc4b8da56e9413699a49601968815c	45,60435	228297	15229
2020-05-01 22:08:08	753f880c79155568139ab7836d49be952a346028	45,59247	228228	15228
2020-05-01 20:23:52	8f67aac08e223039c0bf233eb6d2b332ec86bed1	45,61375	228177	15228
2020-05-01 0:11:08	c908962e87cfd42c54da23f9160b460d277bb00e	45,63262	228094	15216
2020-04-30 7:02:44	a7458adbdb5dcb8947329b8959b1522a29aaef86	45,62636	228078	15214
2020-04-29 0:00:20	7b8a046de84c8e91a2b97e2960574deb0d6ce23d	4,1021	228038	15214
2020-04-27 21:59:19	cc50c491cc40789300ad3019999cfa23f0027724	45,63297	228034	15216
2020-04-23 23:29:18	d8d579a42ec901dd74b6f453bd334c77e9498195	45,64928	228034	15216
2020-04-23 20:14:31	a52e1a8fe0958a813e4c1967879cc17a12b444ce	45,64461	227998	15216
2020-04-23 17:11:25	eba00a30bb02d06831d4374887b457a37acece40	4,10305	227992	15215
2020-04-22 20:56:06	63b0e304c772d83136b349954ef1e7387a39e398	45,62775	227944	15213
2020-04-21 23:09:29	c05b3cb7d7acd5540d5182718f52a7fcf4216503	45,62973	227942	15213
2020-04-21 19:13:38	c407e205fe42ad4fabf0310d908c1b633a3ad040	4,10637	227915	15213
2020-04-18 0:07:35	7a634b450958e44783f236da4513008a4b8d95ec	45,642	227915	15213
2020-04-17 22:09:03	4bedefc13b6ba36a4f0169bbae3aae18b1ceaa39	44,69188	227899	15213
2020-04-16 23:21:08	32f866b08e524148b1c13192a35bc19c3d8b3ee2	4,10806	227619	15188
2020-04-16 21:18:56	4ab42c30e20398910b9496eaece9006183ef931f	4,10709	227593	15187
2020-04-15 23:01:35	5bc977d5dc11e0cfc46aea7b371f2ba93325ddc9	45,56362	227541	15186
2020-04-14 15:44:19	045abc17734cd3fdcd40c1317cca3db980ea0095	45,57043	227541	15186
2020-04-13 3:07:16	b1e829a89927d1d37f93ac4bd83114368f4fad7e	45,55562	227435	15176
2020-04-12 16:50:11	f12dc6eb5d84b74aeb9ed237266807a978ae51a4	45,56305	227432	15176
2020-04-10 18:30:42	9879303fc2a1bef21ab394f7fa6910ce0f2ccfbc	45,54674	227338	15165
2020-04-08 18:53:04	b64cb3b3442e07b2906dfabe75376e3382fc9457	45,55368	227341	15166
2020-04-07 22:23:25	713e1d96c00a0e7dda58649991c09b2b24de68b0	45,54318	227271	15164
2020-04-07 15:12:45	5722a85f29b173f16bf3005d92e89c9951e0d771	45,56203	227268	15164
2020-04-06 19:52:55	4b8df7af59efb2ac5096bd3db6b0cdf5c3b83d1a	45,59036	227202	15151
2020-04-04 0:20:15	974fcaf804278459b28ab1d1ef0b9cdd5b5b1517	45,5761	227215	15150
2020-04-03 17:01:44	9ef461ad37bb54c023bd383608a3c4024adad06f	45,59383	227215	15150
2020-04-01 20:47:13	d54e66b857a34e871fd7c9ab28e37c9c9f061432	45,58715	227148	15147
2020-03-31 20:08:34	112e455dc6a4fd171a6bc3d4c2f7ee720eae2f3e	45,56432	227154	15147
2020-03-31 17:44:09	7b9c7cbbff76c6963576846b81bfdae8ced4ba22	45,58888	227155	15147
2020-03-28 4:26:00	cf6af89995369e80afbd661ef0d7d2852d1ca4c9	45,58888	227155	15147
2020-03-27 22:26:42	f7800d34ca08aad1c09dbfdbef376a90f6a1cc27	45,57645	227032	15138
2020-03-27 21:56:46	569f260ad23325a393b4b8a273951e907c09d5d3	45,56689	227032	15138
2020-03-26 21:17:22	69033c15134261abb432cba5f94835021f049c7a	45,55745	227014	15138
2020-03-25 20:38:20	a88add02b67aad6949a6b1d5b1a92bfb870b8c56	45,56701	227014	15138
2020-03-25 1:01:30	33956259291e81a2d4e4a32c0ea6db7db3d8ca89	45,54653	226978	15138
2020-03-20 16:34:13	a63461257c3fcea8f4ff67087f8cb29be25d6baf	44,60906	226976	15136
2020-03-20 3:32:25	64cc9ffaa8a9a232a4181305a9500bbc4229cd7a	4,11904	226959	15135
2020-03-19 21:58:02	fcf62d1848985ca93a5891ec454de12186b05cc7	4,12068	226954	15135
2020-03-19 3:58:13	65e2a64d2e40f46203837f4785c2426eae29a12e	45,55376	226912	15134
2020-03-18 16:42:07	7252f68fc1ecd8c01cf1efc10ed57222bfbeaf35	45,57413	226910	15134
2020-03-18 4:51:30	5e742cfd84d01d368b46c5db16688b870c389871	4,12125	226910	15134
2020-03-18 4:04:23	4ca12cffbe13c80c5acd5aaa3ee81eda22818b22	45,56701	226684	15116
2020-03-18 1:58:57	9a5e222f87a0a44903e6c2c30aaec365cc579979	45,54937	226658	15112
2020-03-17 0:08:05	ae7dad01599a255da05f4a44fe1a0093c75446fa	4,12371	226573	15105
2020-03-13 21:02:26	ab00f44a50e7fc8b30953dd3d39057fc480d6871	45,46636	226542	15096
2020-03-13 4:26:12	d703b8f5201dd343ea543d52af63eb68e38121f1	45,46424	226540	15094
2020-03-12 18:01:09	5796bb4c890cf4c7e48c061907232289cfb08ab9	45,46599	226447	15072
2020-03-11 23:50:28	7a328f9a232a60973d27c50859e6b84e63df90f7	4,12891	226423	15063
2020-03-11 20:31:24	6418dcfbb928aaade047ef51366595957d7bdf81	45,87275	226037	15058
2020-03-11 1:22:26	94449461353ac0fb11cf33c474c10870d7212280	45,87813	226036	15058
2020-03-11 0:23:14	c574dff7d4e66b126986510c08c55aab74b03964	45,87401	226031	15058
2020-03-09 16:42:14	f3d75e392c554771e3c098cafb648ec55fa40ba7	45,87624	226032	15058
2020-03-08 20:37:12	b011aaeddd976b742ddb04a667d233c9a698c451	45,86615	225834	15044
2020-03-07 1:02:48	4f1ab6072408b719ee4ab2af6eb4bd963e6622c5	45,85621	225687	15039
2020-03-05 20:08:23	64f9339027e4cbaec320ae7849a4f47e2d71e1c9	45,8577	225688	15036
2020-03-04 18:01:27	dec3b91abb6ab3dc7223eaa3b19124cfe3c1d922	45,86033	225685	15034
2020-03-03 21:24:50	8e3c9da597fc29a3301831607ebba20ed421ef67	45,86307	225685	15034
2020-03-03 17:12:07	82b7a24c0c28b837331fa95242f5373c4db2f1f9	44,90087	225596	15034
2020-03-02 17:49:42	04fc0ddca2a00933cf0248d01d106487b529462f	45,84683	225597	15034
2020-02-28 20:01:06	09f5043fbd3a90aa8f3b06a4b7d3bb2f94501db4	45,83087	225559	15033
2020-02-28 6:15:12	18364aab453b6f2e5d52c89b2c0b84c20223512c	45,87528	225510	15025
2020-02-28 2:29:43	afb6a7c48b692ccce653637d877bf07241a59661	45,87665	225510	15025
2020-02-28 1:59:50	7dc04e17ab2fdcbb42fedc625d6a25010f7dcbf5	45,8809	225408	15016
2020-02-28 1:47:21	998c968cb84ff7a0f3951ae648cb9d2ed1c8e4ad	45,86716	225408	15016
2020-02-27 18:50:38	7f7a5678a440bc7fe55dbe18e33f278129299823	45,86991	225408	15016
2020-02-26 19:23:02	6835c6660565571e01dfbb3a78658e7c5e725263	45,85669	225406	15016
2020-02-25 18:57:59	0de109b6941e636f4a35069752ef1e3c4188054d	45,86682	225401	15014
2020-02-25 0:13:26	0617de4a902a199d1c4203e0ff44c5ac615b6c02	45,77007	225365	15013
2020-02-24 19:53:38	096fc0c78f820df26958f22b53558ca4b082f7ce	45,77149	225347	15009
2020-02-22 20:14:19	c02c29327eae10d1f79efbf5564053d58a280b93	45,77692	225323	15001
2020-02-21 21:13:28	3ae05ed117914122e7e88c7507c399ffd1f68cd2	45,83282	225122	14989
2020-02-19 18:22:56	a580d6e4beb0ea53e7971caa489f1fe508159ec2	45,84234	225117	14989
2020-02-18 22:05:11	2991f42873ebb626a849c54e7b101d50771ff716	45,82306	225080	14985
2020-02-14 0:00:27	6e17d0c7f1785004ffca5cb17a0e11c445703afe	45,72251	224774	14977
2020-02-13 23:54:38	166eb725c01c279068aaefa2c9af93c907bd9eff	45,81692	224974	14978
2020-02-12 23:32:29	10f593223902aaed18d045095e812a2e04da04db	45,72578	224769	14975
2020-02-12 20:57:13	0b059870755bbab93f11d1cf620862e7502b2d4c	44,7812	224743	14974
2020-02-12 20:20:55	abc607406562b1ce0b3280e9f2e721db8d39d77c	45,71807	224733	14973
2020-02-12 0:19:46	3712ec5958d803b8f1a726ab91154f92b0a158a8	45,72642	224661	14964
2020-02-11 1:51:55	678c8f0538287990f44974bc08d5a8a7f4d4876c	45,71259	224553	14963
2020-02-11 0:36:05	50cb43ccddd74e4b053078876b40c8bdee3f9a0e	4,08659	224518	14952
2020-02-07 19:17:13	6cca9eb55c9b64556d75de999ba762b5c886378b	45,70605	224504	14950
2020-02-03 4:57:04	ef3003c85531aaeacb760a4e30fca2d3069001aa	45,7322	224240	14934
2020-02-01 4:51:33	853cb344485db795b3e698d05da467cf9bbfc6f5	45,71563	224216	14935
2020-01-31 16:51:48	c5c050d22b4899dcad9d0d7519693e200d531df8	45,78746	224215	14935
2020-01-30 18:44:03	978e339a5ecc17fb939bacae48e6e65a5198154b	45,77269	224118	14931
2020-01-30 2:51:23	29cc4bc24c45e148bcab36d3e3bd6a71c69d1d21	45,82399	223931	14922
2020-01-24 22:37:22	66e201ceefad1b97fcad83b50f2954e48ef2d0f4	45,7942	223919	14933
2020-01-17 21:16:20	cd53dcfa2c046f53db29689e1d687bf4412565aa	45,80342	223905	14931
2020-01-17 7:12:16	adb0efcc20a306d16b2f59d89c189539bd20dc2d	45,80024	223873	14928
2020-01-16 22:40:10	c7e2c670734ea1009dace621ecb137219476ce29	45,79545	223681	14925
2020-01-16 19:29:52	3e21a1b6b7a846e09f0d8cd6dd20297c178bf5b6	45,79407	223683	14926
2020-01-16 6:05:24	8df87fa2bbbee452c5cd8bc6a8c6140945f5a696	4,09759	223671	14923
2020-01-15 22:52:23	f44ad4f2b19f9fcd00518a748748bd5b72c34df3	45,78989	223589	14914
2020-01-14 23:30:19	ff0b417082d9e92634bb4c2719c8f3decb17491e	45,80263	223222	14891
2020-01-14 22:52:09	f001e58fdaa6b9d2ca28317f6f16c11a847c348d	45,80308	223118	14884
2020-01-13 23:54:44	357d1db84c4601b3e50f7d26a05d8ce282c5159d	45,75425	223044	14878
2020-01-11 2:15:13	64b074182a7bea017a249204c5448ee79a0a28ac	4,10503	223044	14878
2020-01-03 18:59:20	d18783df7ab29b161cca59ca907fb47e1366b358	44,80182	223044	14878
2019-12-25 5:15:39	4483268e3885adb63da7253df5ab0c00eb86aece	45,72139	222611	14854
2019-12-24 2:49:00	1de3f7e091f85fe47cdac9f554ca8217f0a028c0	45,61073	221647	14812
2019-12-21 1:20:53	070009231770e04aeb9a74a9d03865cb74cf4094	45,5785	221498	14798
2019-12-20 18:55:25	dfef88e5a820f4153dfcacba4e8b5c4d463d31bf	45,50494	221115	14773
2019-12-18 20:08:45	313faa57617cc8241750990f423d407ed59f3b80	45,5244	221042	14759
2019-12-18 18:58:53	9fc44bca542754a6e865010c67eda1b6e4cfe0e8	45,51386	221026	14758
2019-12-12 6:13:51	7d94e4745c71f4b01c61828216fc90c626a9521a	45,5159	220980	14755
2019-12-12 1:51:13	a7ada3d500c67725ef33c2dd9d0767316140c9d8	4,14967	220655	14721
2019-12-10 23:56:13	2304f11e033febd4ab3389937ef8ff48b27e99ed	45,6296	220618	14721
2019-12-10 18:58:42	0469447f0732bf61a39d38af45e8c84715f87853	45,62222	220591	14721
2019-12-09 22:38:15	9c02683b3f9163b80bc1187226f8ef49d7a2657e	45,61485	220448	14719
2019-12-09 22:26:30	0a1debc30734ec57d2be7351270894756a6c18af	45,59967	220463	14719
2019-12-09 21:28:46	dcab3758812b3c54e6799ac749bb6d3a6863d95e	45,62326	220444	14719
2019-12-07 0:02:20	bf8f7b1ec70bd83e4256343ed249577924f0a330	45,60722	220421	14716
2019-12-06 23:48:21	ded6ac1115ff67373daa90b64d33bc63b8a7390b	45,61003	220420	14716
2019-12-05 22:42:16	2bbf42bbc47ce76597180066007164d385f64565	45,65476	220415	14716
2019-12-05 18:28:44	278a1c1ec609ffc2b0f9890c92786072dae8af82	45,67211	220405	14714
2019-12-05 2:59:36	1092a891af7eda5732c948695b92e34540751613	45,66574	220402	14714
2019-12-04 0:57:01	6e55a16c68c29cb9331dda77f77d6b256a7bdfda	45,61593	220363	14709
2019-12-03 1:57:28	689a3f4374e579aa5dfa0c9515ccf3627833696a	45,61873	220364	14709
2019-12-03 1:24:42	bc6c44072279631705dc1df20ae66a366f6ed42d	45,62885	220324	14703
2019-12-02 21:55:58	00eb1f79dbdd4bc562a76867db0c47928fa4aeaa	45,61546	220323	14703
2019-12-02 18:42:57	20a5a362d8dcbf22b9930e0e6ef88f0520b3479f	45,62235	220323	14704
2019-11-28 1:07:41	f3cf13d75eae638698662041fd035e838f0939b2	45,61522	220293	14702
2019-11-26 22:48:16	ee59a967fe342f5870855ed9aab00037785b6e5d	45,63613	220304	14700
2019-11-26 5:19:41	1da1e4040f95c9acba497ee208bf8c996cc8c9e8	45,62454	220288	14700
2019-11-25 22:45:06	10b73339187e85c03924143d923699e9bfc9b770	45,64062	220286	14699
2019-11-22 21:51:55	48d2eb56e0a6b1b570c7cf67489b566976574a66	45,62521	220270	14699
2019-11-22 4:36:45	d85dc7e2b222770243afd08f73b26c53db14c165	45,60773	220256	14699
2019-11-21 23:46:19	9f50a2563cc257039da44018663b6b9e119fb499	45,61539	220255	14699
2019-11-21 20:34:20	27e318cb7f39198decb5665742984936bf3e0647	45,60239	220236	14693
2019-11-21 19:45:17	18ed5539e5ea80e06af128e3b66f37331f0d7dad	45,62724	220123	14687
2019-11-20 22:44:09	e41fd943f096792598c213ec016f207a9a8f87fc	45,63056	220114	14687
2019-11-20 0:46:23	2ec0cde77870a24e2efba5acc9529fbd30ec0710	45,56969	220065	14685
2019-11-19 17:54:23	c9ff66526d35b35787a5064a1865599150a8d707	45,5711	220059	14685
2019-11-18 21:01:55	e24bc26a28434bfee9ea4926e1b7d59901e63ec8	45,56893	220058	14685
2019-11-16 22:35:47	6c099ff7c82c66ff683c7a7f3e96d3d03c13f9a6	45,56331	220058	14685
2019-11-16 1:46:05	78bf1634814ee4cadd160a75e08421daa0a3ed9a	45,55846	220059	14686
2019-11-15 22:48:12	92bc47ede10ffd68fee98a76e682608e0832ba39	44,50196	219664	14633
2019-11-15 22:44:53	9f0218b276dbf18cd31af11642dcf23230ebcdfc	45,4971	219769	14654
2019-11-15 19:11:42	1b3a16e1cb9e0494e3d875ca66cbd01c7ea33517	45,47245	219664	14631
2019-11-13 3:56:47	a714c943bddfe49c19830444434aa64501294b2d	45,47654	219661	14631
2019-11-13 2:46:53	3e350ad39bf9b1d524d3946cb3f1d5ff1c2a4efb	45,4855	219617	14621
2019-11-13 2:19:33	e9674608c4b3d18ad3f6fa2efc0fd0af06fe7904	45,47834	219615	14620
2019-11-11 21:36:55	3c1efb9c4608d8ff0c93395117d2136a82565851	45,47757	219613	14620
2019-11-11 18:47:23	7ffc72bcd0a11d1ac8ab8c23d93645ff441cbd5f	4,15159	219508	14613
2019-11-08 21:58:53	4efc5fb6d8f16b56e8fc1858c8093a150353a348	45,47989	219416	14606
2019-11-08 19:33:26	66376ec7a57df20adc6cd097da0fffb86bd19f68	45,4548	219298	14585
2019-11-07 18:24:02	e785b02d9fd59dbeb4282387d1956778df4f6fca	44,5044	219296	14584
2019-11-06 23:35:41	8c7ff20666f6f059bc1bd41e2b8a32e13d298f34	45,46249	219158	14583
2019-11-06 0:08:04	bf33b58d450d1f35e5f5cc147159710815210cd0	45,35661	219003	14582
2019-11-01 21:26:17	94a508b38ec8bd879614f2d9bf0eeb96513ca7cf	45,32647	218980	14579
2019-10-31 23:50:42	60e3ab56a6a5bd1fd7c7c31586d6739581fe354f	45,34629	218929	14576
2019-10-31 20:30:34	f60409ef0b6768bf46ddd137333d8d56981798fc	45,34065	218929	14576
2019-10-31 14:20:48	9ee4dcaf66257b6e2926cf1470b16b912cd343ff	4,1565	218925	14574
2019-10-28 20:58:32	d9e4f9a39f56c845d82fceb1a0c410655bca09b0	45,3241	218885	14574
2019-10-28 6:07:07	238f2e1cf8cc1be523cef47240c855cd596ea260	45,33962	218885	14574
2019-10-23 23:55:54	da03be141c8b774a70a953c1aff08a788094137e	45,35278	218830	14562
2019-10-23 23:38:47	70937f67a80e68a2a57b5aae3fe72e3d0fa087fd	45,32961	218881	14572
2019-10-23 20:04:11	2415173b1e428848c5b1c47788a2ad0aaa8ba3bd	45,34854	218830	14562
2019-10-22 23:12:43	f869a402380a4692c6b980ec1c523e33ba43c1cc	45,3543	218807	14555
2019-10-22 23:05:40	14ff4e537810f48115f71c27210f0881a45fdbe6	45,36689	218830	14562
2019-10-19 0:10:36	28d3d7b5b07b82d86452f0e423559f104a383152	4,15367	218807	14555
2019-10-18 21:53:45	178138f112242cd26a55b6b792aa8aff5d6ac5e4	45,33877	218806	14555
2019-10-18 17:43:08	11142844bfb60e276e54f1242aa75153cd531ef3	45,35339	218758	14548
2019-10-17 19:50:20	b92f516a4e7a9b2c8bd2e90d71026fb07cb56da7	45,30473	218495	14523
2019-10-17 4:59:09	21459db15a2869805b5d515819cf0b037acef408	45,29753	218492	14523
2019-10-17 4:57:35	338d6d52c1336fceec5f9a41a7dfd58ab8cbd155	45,29894	218491	14523
2019-10-16 23:43:54	fe825c524e5d1b556358827cc13a4c4c3d450d74	4,15707	218481	14523
2019-10-16 0:09:30	7e2ecf0a6453083cbd94e9b8540d791f40f69cd4	45,2975	218471	14520
2019-10-11 23:47:12	bce5cbc3c8bb607b8c1af56dd3b41f75bbb2b92e	45,30255	218307	14511
2019-10-11 20:45:40	f5db96b75b8298105a25e9e84c6d2aa196aed2e4	45,29145	218253	14510
2019-10-11 3:57:49	ea524ed1c9d49d430bfdd744240840c0bbd53eda	45,30198	218227	14506
2019-10-11 3:52:37	baf2abe35cedeb7dec01528cbcca659c4fd73fa9	45,29773	218227	14506
2019-10-10 21:45:42	928e0180c471fc4b7a6caee041b001b5b34e1cc6	45,2776	218159	14499
2019-10-08 4:08:30	144669493453621fbeb05c77e5d47f8e204b62df	45,26729	218152	14497
2019-10-02 23:24:46	5b8af8cf6e932e8031ef060c79260a4a8f47974c	45,27423	218147	14497
2019-10-02 21:40:41	ca940de3e659bf77f7bbeeb2fa4b296077441cae	45,24919	218054	14485
2019-10-02 20:30:27	32805d9105d9d506743aa37b7c39119d6cd5ffe2	45,25691	218047	14484
2019-10-02 17:49:10	37078ed6a40f73b2560863e3f73e0e1d67c05c87	45,22319	218051	14484
2019-10-02 1:40:24	fbb96c6b3759adef4bcd556168f9d1c99b08a40a	45,19205	217984	14476
2019-10-01 22:46:59	edc2b3a5b4073d9a0e50abea609a27d082ddbb9d	45,19488	217984	14476
2019-10-01 18:25:59	052393982332781a3118bfa0e69aa935cb4c0c08	45,19772	217984	14476
2019-09-27 20:37:41	b9bcfa0100b13dc02dbb2c3d2e62fb536be6959c	45,19758	217956	14476
2019-09-27 20:26:03	5d4795e28fe7502b0e2233fc830c2b3f7adeb637	45,15992	218032	14481
2019-09-26 17:15:52	9389a4b2dfcfc08ad05b34182e341d32b198d97c	45,1644	218011	14477
2019-09-26 15:47:02	a1061e4ae3b296f5978cdabf79c550687329a35c	45,17614	217966	14475
2019-09-26 4:10:51	f24b5eaaa141e6b3447c2c7c6664b4a6a5e8028c	45,18606	217966	14475
2019-09-25 20:21:22	483d42c365ff727d5e6c08a2095ef570f9e22482	45,18309	217960	14475
2019-09-25 20:19:32	df2be85e446fb26dc27682f88fffebead80e946b	45,18734	217960	14475
2019-09-25 17:32:33	8a91dd9a7fca24554e8a9ea351eb7277b2170ff2	45,17459	217960	14475
2019-09-25 12:28:41	117503833eceaf4bb3a7ac2fa0c5457982d7b8ad	45,18167	217960	14475
2019-09-24 22:00:52	7d260ab2c32a773e317a31cd264f5c97d2d48a10	45,17317	217947	14475
2019-09-23 17:16:28	8998bc3111049509fede32bc146f774c1f5d658c	45,14184	217590	14460
2019-09-19 16:40:48	11ecc32439478474a7c72d1f2a950eb13c0bd7f9	4,14746	217542	14458
2019-09-17 3:25:09	fb289fdba46c9db65ec650a2f42048e031d4416e	45,10185	217379	14436
2019-09-16 22:05:17	9aa9e6e67ab4479cc521bb95577a85c86727e533	45,08717	217117	14422
2019-09-16 0:01:12	68e3a3bca3017326d8521e80cef5ea420a3625f2	45,06265	216984	14420
2019-09-11 23:30:36	c35871920cc5f8378a4f9962658b840994f071f5	45,04558	216984	14420
2019-09-10 3:53:26	febcf2f461f5596ab99cf1dee9ab5beee1054992	45,04786	216979	14419
2019-09-09 21:31:58	0d908aa79be7cabb805458c1c698f241e4ccf519	45,04708	216977	14418
2019-09-09 14:15:49	a409908079df873ba0d5a465df3e682be0e0085d	44,99467	216917	14418
2019-09-09 5:55:53	2fc2f62d679b279cbb6d066e6ec378a72037f23a	44,98755	216916	14417
2019-09-07 21:48:05	be1f28e0dd46149328f40825fe17a30a56ef55f9	45,00911	216881	14406
2019-09-06 20:34:26	4eb8a276e718fb199ed75848657ec9ae4fdf456c	45,01259	216880	14406
2019-09-03 15:30:39	3523dbcdf41d489ece761c37f5849539cfc8948d	45,01181	216877	14402
2019-08-27 23:59:35	9bf9a882427e98e7f4ef089c4ca1bde42f4b36a3	45,0438	216747	14399
2019-08-21 18:06:12	bd4a09ab77a4447490b25e31bc98cafbda9f2847	44,13995	216696	14390
2019-08-20 5:49:20	59f3beeea1e62dcc1f3901f082e46bc3d237f9fb	45,07261	216695	14390
2019-08-19 17:00:49	396fc33c59b1b91b449cd0eec82531b902b59b4d	45,06739	216705	14407
2019-08-16 16:36:25	c210e9281da3c4a65d8836e8010b1b8331e3f38f	45,08664	216686	14403
2019-08-16 4:50:42	94dd2ae9566bd76fb11c68850a8fcc6e64797824	45,09463	216673	14400
2019-08-15 1:50:40	c7e4a6efbb08c433c2be69958eebae3b328e347a	45,07426	216642	14400
2019-08-14 21:51:41	fb0c72dc7adb3e97cdccc010b66c29646ac747f2	45,0811	216637	14398
2019-08-14 4:01:34	8006ac900554df0a33ba1c1aac9205ef30841d17	45,08203	216634	14400
2019-08-14 4:00:25	d03abafbf6e850f87fb1614b672d9ad56f2760c6	45,04935	216457	14393
2019-08-13 22:59:52	778d05f965dde97db45fd4019a9985024a1fd02a	4,15341	216456	14393
2019-08-13 17:05:59	be97acfd596b47edaa0e613d15f0ca267e525fc5	44,88145	216358	14393
2019-08-09 22:12:30	50280ee6bd591e74746faf4cb4452733095e3c36	44,87481	216352	14393
2019-08-05 16:34:31	8903ebf3807af3369839069e2082afa70c7fe77e	44,90075	216332	14392
2019-08-01 23:22:22	651c4a1265190d79036681d14a45f598f5060201	44,79949	216092	14391
2019-08-01 22:23:18	98adee9dd5d26dbf520c2c5d2e2cd3574eb134a2	43,82903	216092	14391
2019-07-31 13:14:08	ae7a96163b2e34c96dceae6ce06722e2f9b63d56	44,82522	216079	14388
2019-07-30 17:28:42	28dcd62e9d2041969b041de104f5242150f95a06	44,84427	216070	14388
2019-07-27 4:19:23	07dcf2bcf57bb835290be925c5ab47bfbe0cddd0	44,82572	216071	14388
2019-07-26 17:41:13	7a74579c05eb5c0bf8965bfd96c3c1036c529ffa	44,79973	216065	14388
2019-07-26 2:18:40	5d61531aa80944a104efc22752e1622c9c0a549f	44,82483	216047	14388
2019-07-22 19:46:17	bee393352880aad5d9edb05fcc2e5f5f4e5f4811	44,80263	216044	14388
2019-07-19 21:36:22	8ef115992eaa5eb4e1c47a2e0eab726f387ea0b8	44,72518	215763	14378
2019-07-19 21:12:00	51edd5d82f4246db24b05de0f9e45f86bc7a7af2	44,75798	215732	14370
2019-07-18 21:55:08	86c3a910dbcb15702bbb538444d548268fe19d03	44,77646	215710	14370
2019-07-18 19:02:36	19467a0120cf792bba5b0a98820f88c65d8b30ad	44,74501	215710	14370
2019-07-17 20:03:15	a8bb7827aa5c19d2d1f08a46d4afb444432722fa	44,75081	215548	14356
